path;xmin;ymin;xmax;ymax
./png_err/1.png;0,6000000000000001;-0,08000000000000007;1,9;0,7799999999999994
./png_err/2.png;0,6200000000000001;0,3200000000000003;1,88;1,2999999999999998
./png_err/3.png;0,6200000000000001;0,0600000000000005;1,88;1,0
./png_err/4.png;0,6000000000000001;0,17999999999999972;1,8599999999999999;1,12
./png_err/5.png;0,6000000000000001;0,2599999999999998;1,9;1,2800000000000002
./png_err/6.png;0,5800000000000001;-0,7199999999999998;1,8599999999999999;0,17999999999999972
./png_err/7.png;0,5800000000000001;-0,8200000000000003;1,8399999999999999;0,14000000000000057
./png_err/8.png;0,5800000000000001;-0,9199999999999999;1,8599999999999999;-0,019999999999999574
./png_err/9.png;0,6000000000000001;-1,08;1,88;-0,16000000000000014
./png_err/10.png;0,6000000000000001;-1,2800000000000002;1,92;-0,3799999999999999
./png_err/11.png;0,6200000000000001;-1,46;1,94;-0,5199999999999996
./png_err/12.png;0,6200000000000001;-1,5200000000000005;1,94;-0,6200000000000001
./png_err/13.png;0,6200000000000001;-1,6599999999999997;1,88;-0,7800000000000002
./png_err/14.png;0,6600000000000001;-1,8599999999999999;1,92;-0,9399999999999995
./png_err/15.png;0,6400000000000001;-1,94;1,88;-1,04
./png_err/16.png;0,6400000000000001;-2,06;1,88;-1,1399999999999997
./png_err/17.png;0,6400000000000001;-2,04;2,1;-1,08
./png_err/18.png;0,6200000000000001;-2,04;2,06;-0,8600000000000003
./png_err/19.png;0,6600000000000001;-1,8199999999999998;2,06;-0,6399999999999997
./png_err/20.png;0,7199999999999998;-1,5200000000000005;2,1;-0,3799999999999999
./png_err/21.png;0,7599999999999998;-1,2199999999999998;2,2;-0,20000000000000018
./png_err/22.png;0,7799999999999998;-0,9199999999999999;2,08;0,0
./png_err/23.png;0,8199999999999998;-0,7199999999999998;2,12;0,2400000000000002
./png_err/24.png;0,8199999999999998;-0,5800000000000001;2,14;0,40000000000000036
./png_err/25.png;0,8799999999999999;-0,22000000000000064;2,24;0,6799999999999997
./png_err/26.png;0,8799999999999999;-0,1200000000000001;2,2;0,9199999999999999
./png_err/27.png;0,8999999999999999;0,09999999999999964;2,18;1,12
./png_err/28.png;0,8999999999999999;-0,17999999999999972;2,3400000000000003;1,08
./png_err/29.png;0,8799999999999999;-0,54;2,3000000000000003;0,6999999999999993
./png_err/30.png;0,8199999999999998;-0,5599999999999996;2,12;0,41999999999999993
./png_err/31.png;0,7799999999999998;-1,08;2,2;0,09999999999999964
./png_err/32.png;0,7399999999999998;-1,2800000000000002;2,12;-0,2400000000000002
./png_err/33.png;0,7199999999999998;-1,8199999999999998;2,22;-0,6200000000000001
./png_err/34.png;0,6400000000000001;-2,1999999999999997;2,08;-0,9799999999999995
./png_err/35.png;0,8599999999999999;-2,26;2,22;-0,8600000000000003
./png_err/36.png;0,7000000000000002;0,1200000000000001;2,18;1,4000000000000004
./png_err/37.png;0,9199999999999999;-0,33999999999999986;2,4000000000000004;0,8999999999999995
./png_err/38.png;1,02;-0,6200000000000001;2,4799999999999995;0,6399999999999997
./png_err/39.png;1,12;-1,0199999999999996;2,5199999999999996;0,14000000000000057
./png_err/40.png;1,1400000000000001;-1,4000000000000004;2,54;-0,35999999999999943
./png_err/41.png;1,08;-1,6999999999999997;2,5199999999999996;-0,47999999999999954
./png_err/42.png;1,12;-2,02;2,5199999999999996;-0,8600000000000003
./png_err/43.png;1,1800000000000002;-2,12;2,5199999999999996;-1,04
./png_err/44.png;1,6400000000000001;-2,02;2,96;-1,0199999999999996
./png_err/45.png;1,6800000000000002;-2,36;3,0200000000000005;-1,38
./png_err/46.png;1,56;-1,6799999999999997;2,88;-0,6399999999999997
./png_err/47.png;1,58;-1,3399999999999999;2,88;-0,39999999999999947
./png_err/48.png;1,58;-1,0;2,9400000000000004;0,019999999999999574
./png_err/49.png;1,6;-0,7199999999999998;2,96;0,2400000000000002
./png_err/50.png;1,58;-0,4399999999999995;2,9400000000000004;0,5200000000000005
./png_err/51.png;1,58;-0,1200000000000001;2,88;0,8799999999999999
./png_err/52.png;1,58;0,14000000000000057;2,9000000000000004;1,0999999999999996
./png_err/53.png;1,54;0,33999999999999986;2,84;1,2800000000000002
./png_err/54.png;1,5;-0,08000000000000007;2,8600000000000003;1,0999999999999996
./png_err/55.png;1,4;-0,5599999999999996;2,8600000000000003;0,6399999999999997
./png_err/56.png;1,3599999999999999;-0,7400000000000002;2,7800000000000002;0,3000000000000007
./png_err/57.png;1,3000000000000003;-1,2999999999999998;2,76;-0,08000000000000007
./png_err/58.png;1,2200000000000002;-1,6799999999999997;2,6399999999999997;-0,4399999999999995
./png_err/59.png;1,2400000000000002;-1,9;2,6799999999999997;-0,7800000000000002
./png_err/60.png;1,1800000000000002;-2,38;2,66;-1,0599999999999996
./png_err/61.png;1,56;-1,94;2,8600000000000003;-0,6600000000000001
./png_err/62.png;1,8399999999999999;-1,5799999999999996;3,26;-0,2599999999999998
./png_err/63.png;1,58;-1,1399999999999997;3,08;0,14000000000000057
./png_err/64.png;1,54;-0,9000000000000004;2,9400000000000004;0,41999999999999993
./png_err/65.png;1,46;-0,6799999999999997;2,88;0,5200000000000005
./png_err/66.png;1,46;-0,45999999999999996;2,88;0,8999999999999995
./png_err/67.png;1,3200000000000003;-0,14000000000000057;2,76;1,04
./png_err/68.png;1,2800000000000002;-0,019999999999999574;2,7199999999999998;1,2000000000000002
./png_err/69.png;1,2600000000000002;0,22000000000000064;2,6399999999999997;1,3399999999999999
./png_err/70.png;1,12;0,4400000000000004;2,58;1,7800000000000002
./png_err/71.png;2,24;0,5200000000000005;3,54;1,4400000000000004
./png_err/72.png;2,3200000000000003;0,2400000000000002;3,6000000000000005;1,1799999999999997
./png_err/73.png;2,2800000000000002;-0,14000000000000057;3,6800000000000006;0,7599999999999998
./png_err/74.png;2,3000000000000003;-0,47999999999999954;3,6400000000000006;0,4400000000000004
./png_err/75.png;2,2800000000000002;-0,6600000000000001;3,58;0,28000000000000025
./png_err/76.png;2,3200000000000003;-0,8200000000000003;3,6400000000000006;0,16000000000000014
./png_err/77.png;2,3400000000000003;-1,08;3,66;-0,09999999999999964
./png_err/78.png;2,3600000000000003;-1,2400000000000002;3,6000000000000005;-0,3199999999999994
./png_err/79.png;2,3600000000000003;-1,5;3,6800000000000006;-0,5999999999999996
./png_err/80.png;2,3600000000000003;-1,7399999999999998;3,66;-0,8200000000000003
./png_err/81.png;2,3400000000000003;-2,06;3,7199999999999998;-1,1399999999999997
./png_err/82.png;2,2;-2,48;3,5;-1,2000000000000002
./png_err/83.png;2,24;-2,18;3,66;-0,9399999999999995
./png_err/84.png;2,3000000000000003;-1,96;3,74;-0,7400000000000002
./png_err/85.png;2,3800000000000003;-1,7199999999999998;3,8200000000000003;-0,4399999999999995
./png_err/86.png;2,46;-1,3600000000000003;3,88;-0,09999999999999964
./png_err/87.png;2,46;-1,08;3,74;0,14000000000000057
./png_err/88.png;2,54;-0,8200000000000003;3,8200000000000003;0,40000000000000036
./png_err/89.png;2,5;-0,5599999999999996;3,8;0,6999999999999993
./png_err/90.png;2,54;-0,22000000000000064;3,76;1,0
./png_err/91.png;2,24;0,33999999999999986;3,62;1,38
./png_err/92.png;2,2800000000000002;-0,019999999999999574;3,6999999999999993;1,1600000000000001
./png_err/93.png;2,3000000000000003;-0,33999999999999986;3,6999999999999993;0,7799999999999994
./png_err/94.png;2,3400000000000003;-0,6399999999999997;3,6800000000000006;0,4800000000000004
./png_err/95.png;2,3400000000000003;-0,9000000000000004;3,8;0,2599999999999998
./png_err/96.png;2,4200000000000004;-1,1600000000000001;3,74;0,019999999999999574
./png_err/97.png;2,4200000000000004;-1,3200000000000003;3,8200000000000003;-0,16000000000000014
./png_err/98.png;2,46;-1,5999999999999996;3,8;-0,5199999999999996
./png_err/99.png;2,5199999999999996;-2,08;3,9399999999999995;-0,96
./png_err/100.png;2,5199999999999996;-2,38;3,9399999999999995;-1,1799999999999997
./png_err/101.png;0,3600000000000001;-0,09999999999999964;1,6600000000000001;0,8599999999999994
./png_err/102.png;0,28;-0,019999999999999574;1,7400000000000002;0,9799999999999995
./png_err/103.png;0,41999999999999993;-0,22000000000000064;1,7400000000000002;0,9399999999999995
./png_err/104.png;0,48;-0,6799999999999997;1,8199999999999998;0,40000000000000036
./png_err/105.png;0,43999999999999995;-0,9799999999999995;1,8399999999999999;0,019999999999999574
./png_err/106.png;0,6800000000000002;-1,12;2,14;0,1200000000000001
./png_err/107.png;0,3600000000000001;-1,5;1,6800000000000002;-0,28000000000000025
./png_err/108.png;0,6000000000000001;-1,54;1,8599999999999999;-0,6399999999999997
./png_err/109.png;0,3600000000000001;-1,8399999999999999;1,3599999999999999;-0,54
./png_err/110.png;0,6200000000000001;-1,7399999999999998;1,88;-0,3000000000000007
./png_err/111.png;0,9199999999999999;-0,7199999999999998;2,22;0,2599999999999998
./png_err/112.png;0,8799999999999999;-0,6799999999999997;2,3200000000000003;0,5600000000000005
./png_err/113.png;1,12;-0,0600000000000005;2,5;0,9799999999999995
./png_err/114.png;1,06;0,0600000000000005;2,4799999999999995;1,46
./png_err/115.png;1,02;-1,2800000000000002;2,5;0,09999999999999964
./png_err/116.png;1,44;-1,1799999999999997;2,8600000000000003;-0,14000000000000057
./png_err/117.png;1,8199999999999998;-1,3600000000000003;3,26;-0,33999999999999986
./png_err/118.png;2,08;-1,2999999999999998;3,4800000000000004;-0,040000000000000036
./png_err/119.png;2,12;-0,8600000000000003;3,5200000000000005;0,33999999999999986
./png_err/120.png;2,2600000000000002;-0,5199999999999996;3,6800000000000006;0,620000000000001
./png_err/121.png;1,8000000000000003;-0,45999999999999996;3,16;0,8199999999999994
./png_err/122.png;1,54;-0,2400000000000002;2,9000000000000004;0,8999999999999995
./png_err/123.png;1,44;-0,17999999999999972;2,8;0,7199999999999998
./png_err/124.png;1,8199999999999998;-1,1600000000000001;3,2800000000000002;0,14000000000000057
./png_err/125.png;1,8000000000000003;-1,1799999999999997;3,24;0,14000000000000057
./png_err/126.png;1,7400000000000002;-1,4400000000000004;3,1799999999999997;-0,09999999999999964
./png_err/127.png;2,08;-1,2999999999999998;3,46;-0,28000000000000025
./png_err/128.png;2,2600000000000002;-1,2800000000000002;3,6800000000000006;0,0
./png_err/129.png;2,12;-0,3199999999999994;3,5;0,6399999999999997
./png_err/130.png;1,4;-1,3200000000000003;2,9000000000000004;-0,28000000000000025
./png_err/131.png;0,8399999999999999;-1,8199999999999998;2,2;-0,6200000000000001
./png_err/132.png;0,8599999999999999;-1,8199999999999998;2,22;-0,6200000000000001
./png_err/133.png;0,98;-1,88;2,3000000000000003;-0,9799999999999995
./png_err/134.png;1,3000000000000003;-3,22;2,62;-1,7999999999999998
./png_err/135.png;1,2800000000000002;-3,22;2,62;-1,7999999999999998
./png_err/136.png;1,0;-3,32;2,4799999999999995;-1,92
./png_err/137.png;0,7999999999999998;-3,44;2,18;-2,2199999999999998
./png_err/138.png;1,0;-3,2800000000000002;2,2;-1,92
./png_err/139.png;0,3600000000000001;-3,08;1,7200000000000002;-1,5600000000000005
./png_err/140.png;0,3600000000000001;-2,82;1,54;-1,5600000000000005
./png_err/141.png;0,3600000000000001;-3,08;1,5;-1,54
./png_err/142.png;0,3800000000000001;-3,08;1,7400000000000002;-1,54
./png_err/143.png;0,6000000000000001;-2,76;1,8199999999999998;-1,46
./png_err/144.png;0,5800000000000001;-2,78;1,8000000000000003;-1,4800000000000004
./png_err/145.png;-0,14000000000000012;-2,12;1,1800000000000002;-0,7000000000000002
./png_err/146.png;0,26;-2,14;1,2000000000000002;-0,8399999999999999
./png_err/147.png;0,21999999999999997;-2,18;1,46;-0,7999999999999998
./png_err/148.png;0,24;-2,1999999999999997;1,46;-0,8200000000000003
./png_err/149.png;0,24;-2,18;1,46;-0,8200000000000003
./png_err/150.png;0,08000000000000007;-2,3;1,5;-0,9000000000000004
./png_err/151.png;0,8999999999999999;0,040000000000000036;2,3200000000000003;1,46
./png_err/152.png;0,8599999999999999;0,040000000000000036;2,3200000000000003;1,4000000000000004
./png_err/153.png;1,2400000000000002;-0,4399999999999995;2,66;0,4800000000000004
./png_err/154.png;1,2600000000000002;-0,5199999999999996;2,7800000000000002;0,4800000000000004
./png_err/155.png;1,2400000000000002;-0,47999999999999954;2,7800000000000002;0,46000000000000085
./png_err/156.png;1,2400000000000002;-0,4399999999999995;2,8;0,5
./png_err/157.png;1,2600000000000002;-0,39999999999999947;2,8200000000000003;0,5
./png_err/158.png;1,2600000000000002;-0,3799999999999999;2,8;0,5200000000000005
./png_err/159.png;1,2600000000000002;-0,35999999999999943;2,66;0,5
./png_err/160.png;1,2400000000000002;-0,41999999999999993;2,6799999999999997;0,5
./png_err/161.png;1,2600000000000002;-0,39999999999999947;2,6399999999999997;0,5
./png_err/162.png;1,2600000000000002;-0,39999999999999947;2,66;0,4800000000000004
./png_err/163.png;1,2800000000000002;-0,54;2,7;0,3200000000000003
./png_err/164.png;1,2600000000000002;-0,54;2,58;0,3200000000000003
./png_err/165.png;1,2800000000000002;-0,5599999999999996;2,5599999999999996;0,33999999999999986
./png_err/166.png;1,12;-0,41999999999999993;2,58;0,8199999999999994
./png_err/167.png;1,1400000000000001;0,0;2,58;0,8199999999999994
./png_err/168.png;1,1400000000000001;-0,39999999999999947;2,58;0,7999999999999998
./png_err/169.png;1,12;-0,41999999999999993;2,5599999999999996;0,8399999999999999
./png_err/170.png;1,1600000000000001;-0,3799999999999999;2,4399999999999995;0,5600000000000005
./png_err/171.png;0,45999999999999996;-0,2599999999999998;1,8399999999999999;0,8599999999999994
./png_err/172.png;0,43999999999999995;-0,4399999999999995;1,88;0,5400000000000009
./png_err/173.png;0,43999999999999995;-0,41999999999999993;1,88;0,5400000000000009
./png_err/174.png;0,48;-0,040000000000000036;1,8000000000000003;0,8599999999999994
./png_err/175.png;0,5;-0,019999999999999574;1,8199999999999998;0,9199999999999999
./png_err/176.png;0,56;-0,17999999999999972;1,94;0,9199999999999999
./png_err/177.png;0,54;-0,17999999999999972;1,92;0,9199999999999999
./png_err/178.png;0,14000000000000012;0,7999999999999998;1,3400000000000003;2,1999999999999993
./png_err/179.png;0,7999999999999998;0,040000000000000036;2,24;1,2800000000000002
./png_err/180.png;0,7799999999999998;0,019999999999999574;2,24;1,2800000000000002
./png_err/181.png;0,7999999999999998;0,019999999999999574;2,24;1,2800000000000002
./png_err/182.png;0,7999999999999998;0,019999999999999574;2,24;1,2800000000000002
./png_err/183.png;0,7999999999999998;0,019999999999999574;2,24;1,2599999999999998
./png_err/184.png;0,7399999999999998;0,3800000000000008;2,0;1,2999999999999998
./png_err/185.png;0,7199999999999998;0,40000000000000036;2,04;1,2999999999999998
./png_err/186.png;0,7399999999999998;0,3800000000000008;1,98;1,3200000000000003
./png_err/187.png;0,7199999999999998;0,41999999999999993;1,98;1,2999999999999998
./png_err/188.png;0,7399999999999998;0,41999999999999993;2,02;1,2999999999999998
./png_err/189.png;0,9199999999999999;-0,040000000000000036;2,18;1,0199999999999996
./png_err/190.png;0,5;-0,20000000000000018;1,92;1,0199999999999996
./png_err/191.png;0,52;-0,22000000000000064;1,92;1,0599999999999996
./png_err/192.png;0,7999999999999998;0,17999999999999972;2,1;1,2599999999999998
./png_err/193.png;0,7999999999999998;0,20000000000000018;2,12;1,2199999999999998
./png_err/194.png;0,8199999999999998;0,20000000000000018;2,08;1,2400000000000002
./png_err/195.png;1,7600000000000002;-0,33999999999999986;3,04;0,5600000000000005
./png_err/196.png;1,7400000000000002;-0,35999999999999943;3,04;0,5600000000000005
./png_err/197.png;1,7400000000000002;-0,7800000000000002;3,1799999999999997;0,5200000000000005
./png_err/198.png;1,7200000000000002;-0,7599999999999998;3,2199999999999998;0,16000000000000014
./png_err/199.png;1,7200000000000002;-0,7599999999999998;3,1399999999999997;0,2599999999999998
./png_err/200.png;1,6800000000000002;-0,8799999999999999;3,24;0,040000000000000036
./png_err/201.png;1,7200000000000002;-0,9199999999999999;3,2199999999999998;0,14000000000000057
./png_err/202.png;1,8000000000000003;-0,54;3,2;0,3200000000000003
./png_err/203.png;1,2600000000000002;-0,8600000000000003;2,7;0,20000000000000018
./png_err/204.png;1,2600000000000002;-0,8600000000000003;2,7;0,22000000000000064
./png_err/205.png;1,44;-1,1799999999999997;2,96;-0,22000000000000064
./png_err/206.png;1,4;-1,2599999999999998;3,0;-0,22000000000000064
./png_err/207.png;1,44;-1,2000000000000002;2,9800000000000004;-0,22000000000000064
./png_err/208.png;1,44;-1,1799999999999997;3,0;-0,20000000000000018
./png_err/209.png;1,44;-1,1799999999999997;2,9800000000000004;-0,17999999999999972
./png_err/210.png;1,44;-1,1799999999999997;3,0200000000000005;-0,22000000000000064
./png_err/211.png;0,6000000000000001;-0,7000000000000002;1,9;0,17999999999999972
./png_err/212.png;0,6400000000000001;-0,17999999999999972;2,02;0,6799999999999997
./png_err/213.png;0,7399999999999998;0,22000000000000064;2,02;1,2400000000000002
./png_err/214.png;0,7999999999999998;0,1200000000000001;2,24;1,4000000000000004
./png_err/215.png;0,8199999999999998;0,8799999999999999;2,16;1,8200000000000003
./png_err/216.png;0,7999999999999998;1,04;2,2600000000000002;2,039999999999999
./png_err/217.png;1,3400000000000003;0,9199999999999999;2,76;1,9399999999999995
./png_err/218.png;1,8199999999999998;-0,7000000000000002;3,1799999999999997;0,3000000000000007
./png_err/219.png;1,8399999999999999;-0,4399999999999995;3,2199999999999998;0,6799999999999997
./png_err/220.png;1,3000000000000003;-0,0600000000000005;2,6799999999999997;1,0599999999999996
./png_err/221.png;0,8799999999999999;-0,3799999999999999;2,16;0,5
./png_err/222.png;0,48;-1,0599999999999996;1,92;0,08000000000000007
./png_err/223.png;0,28;-1,5799999999999996;1,7000000000000002;-0,17999999999999972
./png_err/224.png;1,42;-0,2400000000000002;2,74;0,6399999999999997
./png_err/225.png;1,3200000000000003;-0,8200000000000003;2,6799999999999997;0,22000000000000064
./png_err/226.png;0,8999999999999999;-0,9199999999999999;2,2;0,1200000000000001
./png_err/227.png;0,6200000000000001;-1,04;2,08;0,17999999999999972
./png_err/228.png;0,26;-1,3399999999999999;1,38;-0,1200000000000001
./png_err/229.png;0,48;-0,4399999999999995;1,92;0,46000000000000085
./png_err/230.png;0,5;-0,20000000000000018;1,88;0,9399999999999995
./png_err/231.png;0,54;-0,7599999999999998;1,9;0,3200000000000003
./png_err/232.png;0,7399999999999998;-0,4399999999999995;2,18;0,4800000000000004
./png_err/233.png;0,7399999999999998;-0,2400000000000002;2,1;0,8199999999999994
./png_err/234.png;1,7200000000000002;-0,9000000000000004;3,0200000000000005;0,0600000000000005
./png_err/235.png;1,7200000000000002;-0,8799999999999999;3,04;0,040000000000000036
./png_err/236.png;1,1;-0,35999999999999943;2,4799999999999995;0,5800000000000001
./png_err/237.png;1,58;-0,47999999999999954;2,9400000000000004;0,4400000000000004
./png_err/238.png;1,62;-0,5999999999999996;3,0200000000000005;0,5800000000000001
./png_err/239.png;1,12;-1,3600000000000003;2,5599999999999996;-0,28000000000000025
./png_err/240.png;1,6600000000000001;-2,02;3,0600000000000005;-0,6399999999999997
./png_err/241.png;0,8799999999999999;-0,5999999999999996;2,2800000000000002;0,6399999999999997
./png_err/242.png;0,8799999999999999;-0,20000000000000018;2,3200000000000003;0,6999999999999993
./png_err/243.png;0,8599999999999999;-0,28000000000000025;2,3400000000000003;0,7199999999999998
./png_err/244.png;0,8799999999999999;-0,6399999999999997;2,16;0,2599999999999998
./png_err/245.png;0,8999999999999999;-0,6600000000000001;2,16;0,28000000000000025
./png_err/246.png;0,52;-1,6199999999999997;1,98;-0,22000000000000064
./png_err/247.png;0,7399999999999998;-1,5799999999999996;2,16;-0,3199999999999994
./png_err/248.png;0,5;-1,92;1,8199999999999998;-0,5
./png_err/249.png;0,5;-1,92;1,8199999999999998;-0,5199999999999996
./png_err/250.png;0,5;-1,92;1,8199999999999998;-0,5
./png_err/251.png;0,3600000000000001;-1,5200000000000005;1,7600000000000002;-0,09999999999999964
./png_err/252.png;0,32000000000000006;-1,54;1,7800000000000002;-0,09999999999999964
./png_err/253.png;0,32000000000000006;-1,5;1,7800000000000002;-0,09999999999999964
./png_err/254.png;0,7000000000000002;-1,8199999999999998;2,16;-0,45999999999999996
./png_err/255.png;0,7000000000000002;-1,7999999999999998;2,12;-0,45999999999999996
./png_err/256.png;0,45999999999999996;-2,38;1,7000000000000002;-1,12
./png_err/257.png;0,48;-2,38;1,7200000000000002;-1,12
./png_err/258.png;1,1;-1,8199999999999998;2,2600000000000002;-0,5999999999999996
./png_err/259.png;1,12;-1,7999999999999998;2,2800000000000002;-0,5999999999999996
./png_err/260.png;1,1400000000000001;-1,7999999999999998;2,2800000000000002;-0,5800000000000001
./png_err/261.png;1,12;-1,7999999999999998;2,2800000000000002;-0,5800000000000001
./png_err/262.png;1,12;-1,8199999999999998;2,2600000000000002;-0,5999999999999996
./png_err/263.png;1,12;-1,8399999999999999;2,2800000000000002;-0,5800000000000001
./png_err/264.png;1,12;-1,8199999999999998;2,3000000000000003;-0,5999999999999996
./png_err/265.png;1,1400000000000001;-1,8199999999999998;2,3200000000000003;-0,5999999999999996
./png_err/266.png;1,12;-1,7999999999999998;2,2600000000000002;-0,5800000000000001
./png_err/267.png;0,17999999999999994;0,7199999999999998;1,58;2,16
./png_err/268.png;0,21999999999999997;0,7199999999999998;1,56;2,1399999999999997
./png_err/269.png;0,19999999999999996;0,7399999999999993;1,56;2,1399999999999997
./png_err/270.png;0,19999999999999996;0,7199999999999998;1,54;2,16
./png_err/271.png;0,17999999999999994;0,7199999999999998;1,58;2,1399999999999997
./png_err/272.png;0,17999999999999994;0,7199999999999998;1,56;2,1399999999999997
./png_err/273.png;-0,1200000000000001;1,04;1,04;2,4800000000000004
./png_err/274.png;-0,14000000000000012;1,0199999999999996;1,08;2,4800000000000004
./png_err/275.png;-0,14000000000000012;1,04;1,04;2,4800000000000004
./png_err/276.png;-0,040000000000000036;0,4400000000000004;1,3000000000000003;1,879999999999999
./png_err/277.png;-0,10000000000000009;0,4400000000000004;1,3000000000000003;1,8999999999999995
./png_err/278.png;-0,10000000000000009;0,4400000000000004;1,2800000000000002;1,879999999999999
./png_err/279.png;-0,020000000000000018;0,41999999999999993;1,3000000000000003;1,879999999999999
./png_err/280.png;0,3800000000000001;0,2400000000000002;1,6800000000000002;1,4800000000000004
./png_err/281.png;0,8199999999999998;0,5800000000000001;2,2;1,62
./png_err/282.png;0,8199999999999998;0,5800000000000001;2,24;1,6400000000000006
./png_err/283.png;1,2400000000000002;0,7799999999999994;2,6399999999999997;2,1799999999999997
./png_err/284.png;1,46;1,12;2,9400000000000004;2,4800000000000004
./png_err/285.png;1,6600000000000001;1,04;3,0600000000000005;2,38
./png_err/286.png;1,48;0,1200000000000001;2,84;1,1799999999999997
./png_err/287.png;1,54;-0,16000000000000014;2,96;1,0999999999999996
./png_err/288.png;1,54;-0,16000000000000014;3,0;0,8599999999999994
./png_err/289.png;1,54;-0,17999999999999972;2,9800000000000004;1,0999999999999996
./png_err/290.png;1,1600000000000001;-0,45999999999999996;2,4399999999999995;0,8599999999999994
./png_err/291.png;0,30000000000000004;-0,16000000000000014;1,7800000000000002;1,1799999999999997
./png_err/292.png;0,3600000000000001;-0,35999999999999943;1,7600000000000002;1,12
./png_err/293.png;0,3400000000000001;-0,35999999999999943;1,7200000000000002;1,0999999999999996
./png_err/294.png;0,30000000000000004;-0,35999999999999943;1,7600000000000002;0,5800000000000001
./png_err/295.png;0,3400000000000001;-0,35999999999999943;1,7600000000000002;1,0999999999999996
./png_err/296.png;0,3400000000000001;-0,3799999999999999;1,7400000000000002;1,0999999999999996
./png_err/297.png;0,6600000000000001;0,6599999999999993;1,96;1,7000000000000002
./png_err/298.png;0,6600000000000001;0,6799999999999997;1,94;1,4000000000000004
./png_err/299.png;0,8199999999999998;0,28000000000000025;2,2;1,5200000000000005
./png_err/300.png;0,8399999999999999;-1,7999999999999998;2,1;-0,6200000000000001
./png_err/301.png;1,7200000000000002;-0,040000000000000036;3,08;1,04
./png_err/302.png;1,7200000000000002;-0,019999999999999574;3,0600000000000005;1,04
./png_err/303.png;1,2200000000000002;-0,22000000000000064;2,58;0,8399999999999999
./png_err/304.png;1,2800000000000002;-0,4399999999999995;2,7199999999999998;0,8399999999999999
./png_err/305.png;1,2200000000000002;-0,45999999999999996;2,7199999999999998;0,3800000000000008
./png_err/306.png;1,2800000000000002;-0,35999999999999943;2,7;0,8599999999999994
./png_err/307.png;1,2800000000000002;-0,4399999999999995;2,7199999999999998;0,8399999999999999
./png_err/308.png;1,2400000000000002;-0,4399999999999995;2,7;0,3600000000000003
./png_err/309.png;0,96;-0,45999999999999996;2,2600000000000002;0,46000000000000085
./png_err/310.png;0,8599999999999999;-0,5599999999999996;2,3000000000000003;0,6999999999999993
./png_err/311.png;0,8399999999999999;0,28000000000000025;2,2;1,5200000000000005
./png_err/312.png;1,2400000000000002;-0,54;2,66;0,7999999999999998
./png_err/313.png;1,2600000000000002;-0,6200000000000001;2,7;0,5200000000000005
./png_err/314.png;1,2800000000000002;-0,6399999999999997;2,66;0,5400000000000009
./png_err/315.png;1,2800000000000002;-0,6200000000000001;2,66;0,5400000000000009
./png_err/316.png;1,2800000000000002;-0,35999999999999943;2,6399999999999997;0,5400000000000009
./png_err/317.png;1,1600000000000001;-0,9000000000000004;2,54;0,3200000000000003
./png_err/318.png;1,1600000000000001;-0,8799999999999999;2,5199999999999996;0,3200000000000003
./png_err/319.png;2,12;-0,4399999999999995;3,38;0,41999999999999993
./png_err/320.png;2,12;-0,45999999999999996;3,38;0,41999999999999993
./png_err/321.png;2,0;-0,7999999999999998;3,3;0,46000000000000085
./png_err/322.png;2,22;-0,47999999999999954;3,66;0,6399999999999997
./png_err/323.png;1,8199999999999998;-1,0199999999999996;3,3;0,28000000000000025
./png_err/324.png;1,8399999999999999;-1,0199999999999996;3,2800000000000002;0,28000000000000025
./png_err/325.png;1,8599999999999999;-0,5599999999999996;3,3;0,28000000000000025
./png_err/326.png;2,02;-1,04;3,3200000000000003;-0,040000000000000036
./png_err/327.png;1,96;-1,2599999999999998;3,3;-0,14000000000000057
./png_err/328.png;1,1;-1,4000000000000004;2,5199999999999996;-0,17999999999999972
./png_err/329.png;1,1;-1,38;2,54;-0,16000000000000014
./png_err/330.png;1,1;-1,4000000000000004;2,54;-0,14000000000000057
./png_err/331.png;1,48;-1,4800000000000004;2,88;-0,28000000000000025
./png_err/332.png;1,48;-1,4800000000000004;2,88;-0,28000000000000025
./png_err/333.png;1,52;-1,5;2,88;-0,39999999999999947
./png_err/334.png;1,5;-1,5200000000000005;2,7800000000000002;-0,41999999999999993
./png_err/335.png;1,56;-1,5600000000000005;2,8200000000000003;-0,6399999999999997
./png_err/336.png;1,56;-1,5600000000000005;2,8200000000000003;-0,6200000000000001
./png_err/337.png;0,8399999999999999;-1,7799999999999998;2,24;-0,6200000000000001
./png_err/338.png;0,8199999999999998;-1,7999999999999998;2,24;-0,6200000000000001
./png_err/339.png;0,8399999999999999;-1,7799999999999998;2,2600000000000002;-0,6200000000000001
./png_err/340.png;1,2600000000000002;-0,5999999999999996;2,6799999999999997;0,5200000000000005
./png_err/341.png;0,6000000000000001;-0,7599999999999998;1,9;0,09999999999999964
./png_err/342.png;0,6200000000000001;-1,2800000000000002;1,88;-0,3000000000000007
./png_err/343.png;0,6200000000000001;-0,9799999999999995;1,88;-0,040000000000000036
./png_err/344.png;0,6000000000000001;-1,0999999999999996;1,8599999999999999;-0,16000000000000014
./png_err/345.png;0,6000000000000001;-1,2599999999999998;1,9;-0,2400000000000002
./png_err/346.png;0,5800000000000001;-0,16000000000000014;1,8599999999999999;0,7399999999999993
./png_err/347.png;0,5800000000000001;-0,1200000000000001;1,8399999999999999;0,8399999999999999
./png_err/348.png;0,5800000000000001;0,040000000000000036;1,8599999999999999;0,9399999999999995
./png_err/349.png;0,6000000000000001;0,17999999999999972;1,88;1,0999999999999996
./png_err/350.png;0,6000000000000001;0,40000000000000036;1,92;1,2999999999999998
./png_err/351.png;0,6200000000000001;0,5400000000000009;1,94;1,4800000000000004
./png_err/352.png;0,6200000000000001;0,6399999999999997;1,94;1,54
./png_err/353.png;0,6200000000000001;0,7999999999999998;1,88;1,6800000000000006
./png_err/354.png;0,6600000000000001;0,96;1,92;1,879999999999999
./png_err/355.png;0,6400000000000001;1,0599999999999996;1,88;1,959999999999999
./png_err/356.png;0,6400000000000001;1,1600000000000001;1,88;2,08
./png_err/357.png;0,6400000000000001;1,0999999999999996;2,1;2,0599999999999996
./png_err/358.png;0,6200000000000001;0,8799999999999999;2,06;2,0599999999999996
./png_err/359.png;0,6600000000000001;0,6599999999999993;2,06;1,8400000000000007
./png_err/360.png;0,7199999999999998;0,40000000000000036;2,1;1,54
./png_err/361.png;0,7599999999999998;0,22000000000000064;2,2;1,2400000000000002
./png_err/362.png;0,7799999999999998;0,019999999999999574;2,08;0,9399999999999995
./png_err/363.png;0,8199999999999998;-0,22000000000000064;2,12;0,7399999999999993
./png_err/364.png;0,8199999999999998;-0,3799999999999999;2,14;0,6000000000000005
./png_err/365.png;0,8799999999999999;-0,6600000000000001;2,24;0,2400000000000002
./png_err/366.png;0,8799999999999999;-0,9000000000000004;2,2;0,14000000000000057
./png_err/367.png;0,8999999999999999;-1,0999999999999996;2,18;-0,08000000000000007
./png_err/368.png;0,8999999999999999;-1,0599999999999996;2,3400000000000003;0,20000000000000018
./png_err/369.png;0,8799999999999999;-0,6799999999999997;2,3000000000000003;0,5600000000000005
./png_err/370.png;0,8199999999999998;-0,39999999999999947;2,12;0,5800000000000001
./png_err/371.png;0,7799999999999998;-0,08000000000000007;2,2;1,0999999999999996
./png_err/372.png;0,7399999999999998;0,2599999999999998;2,12;1,2999999999999998
./png_err/373.png;0,7199999999999998;0,6399999999999997;2,22;1,8400000000000007
./png_err/374.png;0,6400000000000001;1,0;2,08;2,2199999999999998
./png_err/375.png;0,8599999999999999;0,8799999999999999;2,22;2,2799999999999994
./png_err/376.png;0,7000000000000002;-1,38;2,18;-0,09999999999999964
./png_err/377.png;0,9199999999999999;-0,8799999999999999;2,4000000000000004;0,3600000000000003
./png_err/378.png;1,02;-0,6200000000000001;2,4799999999999995;0,6399999999999997
./png_err/379.png;1,12;-0,1200000000000001;2,5199999999999996;1,04
./png_err/380.png;1,1400000000000001;0,3800000000000008;2,54;1,42
./png_err/381.png;1,08;0,5;2,5199999999999996;1,7200000000000006
./png_err/382.png;1,12;0,8799999999999999;2,5199999999999996;2,039999999999999
./png_err/383.png;1,1800000000000002;1,0599999999999996;2,5199999999999996;2,1399999999999997
./png_err/384.png;1,6400000000000001;1,04;2,96;2,039999999999999
./png_err/385.png;1,6800000000000002;1,4000000000000004;3,0200000000000005;2,38
./png_err/386.png;1,56;0,6599999999999993;2,88;1,7000000000000002
./png_err/387.png;1,58;0,41999999999999993;2,88;1,3600000000000003
./png_err/388.png;1,58;0,0;2,9400000000000004;1,0199999999999996
./png_err/389.png;1,6;-0,22000000000000064;2,96;0,7399999999999993
./png_err/390.png;1,58;-0,5;2,9400000000000004;0,46000000000000085
./png_err/391.png;1,58;-0,8600000000000003;2,88;0,14000000000000057
./png_err/392.png;1,58;-1,08;2,9000000000000004;-0,1200000000000001
./png_err/393.png;1,54;-1,2599999999999998;2,84;-0,3199999999999994
./png_err/394.png;1,5;-1,08;2,8600000000000003;0,09999999999999964
./png_err/395.png;1,4;-0,6200000000000001;2,8600000000000003;0,5800000000000001
./png_err/396.png;1,3599999999999999;-0,28000000000000025;2,7800000000000002;0,7599999999999998
./png_err/397.png;1,3000000000000003;0,09999999999999964;2,76;1,3200000000000003
./png_err/398.png;1,2200000000000002;0,46000000000000085;2,6399999999999997;1,7000000000000002
./png_err/399.png;1,2400000000000002;0,7999999999999998;2,6799999999999997;1,92
./png_err/400.png;1,1800000000000002;1,08;2,66;2,4000000000000004
./png_err/401.png;1,56;0,6799999999999997;2,8600000000000003;1,959999999999999
./png_err/402.png;1,8399999999999999;0,28000000000000025;3,26;1,6000000000000005
./png_err/403.png;1,58;-0,1200000000000001;3,08;1,1600000000000001
./png_err/404.png;1,54;-0,39999999999999947;2,9400000000000004;0,9199999999999999
./png_err/405.png;1,46;-0,5;2,88;0,6999999999999993
./png_err/406.png;1,46;-0,8799999999999999;2,88;0,4800000000000004
./png_err/407.png;1,3200000000000003;-1,0199999999999996;2,76;0,16000000000000014
./png_err/408.png;1,2800000000000002;-1,1799999999999997;2,7199999999999998;0,040000000000000036
./png_err/409.png;1,2600000000000002;-1,3200000000000003;2,6399999999999997;-0,20000000000000018
./png_err/410.png;1,12;-1,7599999999999998;2,58;-0,41999999999999993
./png_err/411.png;2,24;-1,42;3,54;-0,5
./png_err/412.png;2,3200000000000003;-1,1600000000000001;3,6000000000000005;-0,22000000000000064
./png_err/413.png;2,2800000000000002;-0,7400000000000002;3,6800000000000006;0,16000000000000014
./png_err/414.png;2,3000000000000003;-0,41999999999999993;3,6400000000000006;0,5
./png_err/415.png;2,2800000000000002;-0,2599999999999998;3,58;0,6799999999999997
./png_err/416.png;2,3200000000000003;-0,14000000000000057;3,6400000000000006;0,8399999999999999
./png_err/417.png;2,3400000000000003;0,1200000000000001;3,66;1,0999999999999996
./png_err/418.png;2,3600000000000003;0,33999999999999986;3,6000000000000005;1,2599999999999998
./png_err/419.png;2,3600000000000003;0,620000000000001;3,6800000000000006;1,5200000000000005
./png_err/420.png;2,3600000000000003;0,8399999999999999;3,66;1,7600000000000007
./png_err/421.png;2,3400000000000003;1,1600000000000001;3,7199999999999998;2,08
./png_err/422.png;2,2;1,2199999999999998;3,5;2,5
./png_err/423.png;2,24;0,96;3,66;2,1999999999999993
./png_err/424.png;2,3000000000000003;0,7599999999999998;3,74;1,9799999999999995
./png_err/425.png;2,3800000000000003;0,46000000000000085;3,8200000000000003;1,7400000000000002
./png_err/426.png;2,46;0,1200000000000001;3,88;1,38
./png_err/427.png;2,46;-0,1200000000000001;3,74;1,0999999999999996
./png_err/428.png;2,54;-0,3799999999999999;3,8200000000000003;0,8399999999999999
./png_err/429.png;2,5;-0,6799999999999997;3,8;0,5800000000000001
./png_err/430.png;2,54;-0,9799999999999995;3,76;0,2400000000000002
./png_err/431.png;2,24;-1,3600000000000003;3,62;-0,3199999999999994
./png_err/432.png;2,2800000000000002;-1,1399999999999997;3,6999999999999993;0,040000000000000036
./png_err/433.png;2,3000000000000003;-0,7599999999999998;3,6999999999999993;0,3600000000000003
./png_err/434.png;2,3400000000000003;-0,45999999999999996;3,6800000000000006;0,6599999999999993
./png_err/435.png;2,3400000000000003;-0,2400000000000002;3,8;0,9199999999999999
./png_err/436.png;2,4200000000000004;0,0;3,74;1,1799999999999997
./png_err/437.png;2,4200000000000004;0,17999999999999972;3,8200000000000003;1,3399999999999999
./png_err/438.png;2,46;0,5400000000000009;3,8;1,62
./png_err/439.png;2,5199999999999996;0,9799999999999995;3,9399999999999995;2,0999999999999996
./png_err/440.png;2,5199999999999996;1,2000000000000002;3,9399999999999995;2,4000000000000004
./png_err/441.png;0,3600000000000001;-0,8399999999999999;1,6600000000000001;0,1200000000000001
./png_err/442.png;0,28;-0,96;1,7400000000000002;0,040000000000000036
./png_err/443.png;0,41999999999999993;-0,9199999999999999;1,7400000000000002;0,2400000000000002
./png_err/444.png;0,48;-0,3799999999999999;1,8199999999999998;0,6999999999999993
./png_err/445.png;0,43999999999999995;0,0;1,8399999999999999;1,0
./png_err/446.png;0,6800000000000002;-0,09999999999999964;2,14;1,1399999999999997
./png_err/447.png;0,3600000000000001;0,3000000000000007;1,6800000000000002;1,5200000000000005
./png_err/448.png;0,6000000000000001;0,6599999999999993;1,8599999999999999;1,5600000000000005
./png_err/449.png;0,3600000000000001;0,5600000000000005;1,3599999999999999;1,8600000000000003
./png_err/450.png;0,6200000000000001;0,3200000000000003;1,88;1,7600000000000007
./png_err/451.png;0,9199999999999999;-0,2400000000000002;2,22;0,7399999999999993
./png_err/452.png;0,8799999999999999;-0,54;2,3200000000000003;0,6999999999999993
./png_err/453.png;1,12;-0,96;2,5;0,08000000000000007
./png_err/454.png;1,06;-1,4400000000000004;2,4799999999999995;-0,040000000000000036
./png_err/455.png;1,02;-0,08000000000000007;2,5;1,2999999999999998
./png_err/456.png;1,44;0,16000000000000014;2,8600000000000003;1,2000000000000002
./png_err/457.png;1,8199999999999998;0,3600000000000003;3,26;1,38
./png_err/458.png;2,08;0,0600000000000005;3,4800000000000004;1,3200000000000003
./png_err/459.png;2,12;-0,3199999999999994;3,5200000000000005;0,8799999999999999
./png_err/460.png;2,2600000000000002;-0,5999999999999996;3,6800000000000006;0,5400000000000009
./png_err/461.png;1,8000000000000003;-0,7999999999999998;3,16;0,4800000000000004
./png_err/462.png;1,54;-0,8799999999999999;2,9000000000000004;0,2599999999999998
./png_err/463.png;1,44;-0,7000000000000002;2,8;0,20000000000000018
./png_err/464.png;1,8199999999999998;-0,1200000000000001;3,2800000000000002;1,1799999999999997
./png_err/465.png;1,8000000000000003;-0,1200000000000001;3,24;1,2000000000000002
./png_err/466.png;1,7400000000000002;0,1200000000000001;3,1799999999999997;1,46
./png_err/467.png;2,08;0,3000000000000007;3,46;1,3200000000000003
./png_err/468.png;2,2600000000000002;0,019999999999999574;3,6800000000000006;1,2999999999999998
./png_err/469.png;2,12;-0,6200000000000001;3,5;0,33999999999999986
./png_err/470.png;1,4;0,3000000000000007;2,9000000000000004;1,3399999999999999
./png_err/471.png;0,8399999999999999;0,6399999999999997;2,2;1,8400000000000007
./png_err/472.png;0,8599999999999999;0,6399999999999997;2,22;1,8400000000000007
./png_err/473.png;0,98;1,0;2,3000000000000003;1,8999999999999995
./png_err/474.png;1,3000000000000003;1,8200000000000003;2,62;3,24
./png_err/475.png;1,2800000000000002;1,8200000000000003;2,62;3,24
./png_err/476.png;1,0;1,9399999999999995;2,4799999999999995;3,34
./png_err/477.png;0,7999999999999998;2,24;2,18;3,459999999999999
./png_err/478.png;1,0;1,9399999999999995;2,2;3,299999999999999
./png_err/479.png;0,3600000000000001;1,58;1,7200000000000002;3,1000000000000014
./png_err/480.png;0,3600000000000001;1,58;1,54;2,84
./png_err/481.png;0,3600000000000001;1,5600000000000005;1,5;3,1000000000000014
./png_err/482.png;0,3800000000000001;1,5600000000000005;1,7400000000000002;3,1000000000000014
./png_err/483.png;0,6000000000000001;1,4800000000000004;1,8199999999999998;2,7800000000000002
./png_err/484.png;0,5800000000000001;1,5;1,8000000000000003;2,8000000000000007
./png_err/485.png;-0,14000000000000012;0,7199999999999998;1,1800000000000002;2,1399999999999997
./png_err/486.png;0,26;0,8599999999999994;1,2000000000000002;2,16
./png_err/487.png;0,21999999999999997;0,8199999999999994;1,46;2,1999999999999993
./png_err/488.png;0,24;0,8399999999999999;1,46;2,2199999999999998
./png_err/489.png;0,24;0,8399999999999999;1,46;2,1999999999999993
./png_err/490.png;0,08000000000000007;0,9199999999999999;1,5;2,3200000000000003
./png_err/491.png;0,8999999999999999;-1,4400000000000004;2,3200000000000003;-0,019999999999999574
./png_err/492.png;0,8599999999999999;-1,38;2,3200000000000003;-0,019999999999999574
./png_err/493.png;1,2400000000000002;-0,45999999999999996;2,66;0,46000000000000085
./png_err/494.png;1,2600000000000002;-0,45999999999999996;2,7800000000000002;0,5400000000000009
./png_err/495.png;1,2400000000000002;-0,4399999999999995;2,7800000000000002;0,5
./png_err/496.png;1,2400000000000002;-0,47999999999999954;2,8;0,46000000000000085
./png_err/497.png;1,2600000000000002;-0,47999999999999954;2,8200000000000003;0,41999999999999993
./png_err/498.png;1,2600000000000002;-0,5;2,8;0,40000000000000036
./png_err/499.png;1,2600000000000002;-0,47999999999999954;2,66;0,3800000000000008
./png_err/500.png;1,2400000000000002;-0,47999999999999954;2,6799999999999997;0,4400000000000004
./png_err/501.png;1,2600000000000002;-0,47999999999999954;2,6399999999999997;0,41999999999999993
./png_err/502.png;1,2600000000000002;-0,45999999999999996;2,66;0,41999999999999993
./png_err/503.png;1,2800000000000002;-0,3000000000000007;2,7;0,5600000000000005
./png_err/504.png;1,2600000000000002;-0,3000000000000007;2,58;0,5600000000000005
./png_err/505.png;1,2800000000000002;-0,3199999999999994;2,5599999999999996;0,5800000000000001
./png_err/506.png;1,12;-0,7999999999999998;2,58;0,4400000000000004
./png_err/507.png;1,1400000000000001;-0,7999999999999998;2,58;0,019999999999999574
./png_err/508.png;1,1400000000000001;-0,7800000000000002;2,58;0,41999999999999993
./png_err/509.png;1,12;-0,8200000000000003;2,5599999999999996;0,4400000000000004
./png_err/510.png;1,1600000000000001;-0,54;2,4399999999999995;0,40000000000000036
./png_err/511.png;0,45999999999999996;-0,8399999999999999;1,8399999999999999;0,28000000000000025
./png_err/512.png;0,43999999999999995;-0,5199999999999996;1,88;0,46000000000000085
./png_err/513.png;0,43999999999999995;-0,5199999999999996;1,88;0,4400000000000004
./png_err/514.png;0,48;-0,8399999999999999;1,8000000000000003;0,0600000000000005
./png_err/515.png;0,5;-0,9000000000000004;1,8199999999999998;0,040000000000000036
./png_err/516.png;0,56;-0,9000000000000004;1,94;0,20000000000000018
./png_err/517.png;0,54;-0,9000000000000004;1,92;0,20000000000000018
./png_err/518.png;0,14000000000000012;-2,18;1,3400000000000003;-0,7800000000000002
./png_err/519.png;0,7999999999999998;-1,2599999999999998;2,24;-0,019999999999999574
./png_err/520.png;0,7799999999999998;-1,2599999999999998;2,24;0,0
./png_err/521.png;0,7999999999999998;-1,2599999999999998;2,24;0,0
./png_err/522.png;0,7999999999999998;-1,2599999999999998;2,24;0,0
./png_err/523.png;0,7999999999999998;-1,2400000000000002;2,24;0,0
./png_err/524.png;0,7399999999999998;-1,2800000000000002;2,0;-0,35999999999999943
./png_err/525.png;0,7199999999999998;-1,2800000000000002;2,04;-0,3799999999999999
./png_err/526.png;0,7399999999999998;-1,2999999999999998;1,98;-0,35999999999999943
./png_err/527.png;0,7199999999999998;-1,2800000000000002;1,98;-0,39999999999999947
./png_err/528.png;0,7399999999999998;-1,2800000000000002;2,02;-0,39999999999999947
./png_err/529.png;0,9199999999999999;-1,0;2,18;0,0600000000000005
./png_err/530.png;0,5;-1,0;1,92;0,22000000000000064
./png_err/531.png;0,52;-1,04;1,92;0,2400000000000002
./png_err/532.png;0,7999999999999998;-1,2400000000000002;2,1;-0,16000000000000014
./png_err/533.png;0,7999999999999998;-1,2000000000000002;2,12;-0,17999999999999972
./png_err/534.png;0,8199999999999998;-1,2199999999999998;2,08;-0,17999999999999972
./png_err/535.png;1,7600000000000002;-0,54;3,04;0,3600000000000003
./png_err/536.png;1,7400000000000002;-0,54;3,04;0,3800000000000008
./png_err/537.png;1,7400000000000002;-0,5;3,1799999999999997;0,7999999999999998
./png_err/538.png;1,7200000000000002;-0,14000000000000057;3,2199999999999998;0,7799999999999994
./png_err/539.png;1,7200000000000002;-0,2400000000000002;3,1399999999999997;0,7799999999999994
./png_err/540.png;1,6800000000000002;-0,019999999999999574;3,24;0,8999999999999995
./png_err/541.png;1,7200000000000002;-0,1200000000000001;3,2199999999999998;0,9399999999999995
./png_err/542.png;1,8000000000000003;-0,3000000000000007;3,2;0,5600000000000005
./png_err/543.png;1,2600000000000002;-0,17999999999999972;2,7;0,8799999999999999
./png_err/544.png;1,2600000000000002;-0,20000000000000018;2,7;0,8799999999999999
./png_err/545.png;1,44;0,2400000000000002;2,96;1,2000000000000002
./png_err/546.png;1,4;0,2400000000000002;3,0;1,2800000000000002
./png_err/547.png;1,44;0,2400000000000002;2,9800000000000004;1,2199999999999998
./png_err/548.png;1,44;0,22000000000000064;3,0;1,2000000000000002
./png_err/549.png;1,44;0,20000000000000018;2,9800000000000004;1,2000000000000002
./png_err/550.png;1,44;0,2400000000000002;3,0200000000000005;1,2000000000000002
./png_err/551.png;0,6000000000000001;-0,16000000000000014;1,9;0,7199999999999998
./png_err/552.png;0,6400000000000001;-0,6600000000000001;2,02;0,20000000000000018
./png_err/553.png;0,7399999999999998;-1,2199999999999998;2,02;-0,20000000000000018
./png_err/554.png;0,7999999999999998;-1,38;2,24;-0,09999999999999964
./png_err/555.png;0,8199999999999998;-1,7999999999999998;2,16;-0,8600000000000003
./png_err/556.png;0,7999999999999998;-2,02;2,2600000000000002;-1,0199999999999996
./png_err/557.png;1,3400000000000003;-1,92;2,76;-0,9000000000000004
./png_err/558.png;1,8199999999999998;-0,28000000000000025;3,1799999999999997;0,7199999999999998
./png_err/559.png;1,8399999999999999;-0,6600000000000001;3,2199999999999998;0,46000000000000085
./png_err/560.png;1,3000000000000003;-1,04;2,6799999999999997;0,08000000000000007
./png_err/561.png;0,8799999999999999;-0,47999999999999954;2,16;0,40000000000000036
./png_err/562.png;0,48;-0,0600000000000005;1,92;1,08
./png_err/563.png;0,28;0,20000000000000018;1,7000000000000002;1,6000000000000005
./png_err/564.png;1,42;-0,6200000000000001;2,74;0,2599999999999998
./png_err/565.png;1,3200000000000003;-0,20000000000000018;2,6799999999999997;0,8399999999999999
./png_err/566.png;0,8999999999999999;-0,09999999999999964;2,2;0,9399999999999995
./png_err/567.png;0,6200000000000001;-0,16000000000000014;2,08;1,0599999999999996
./png_err/568.png;0,26;0,14000000000000057;1,38;1,3600000000000003
./png_err/569.png;0,48;-0,4399999999999995;1,92;0,46000000000000085
./png_err/570.png;0,5;-0,9199999999999999;1,88;0,22000000000000064
./png_err/571.png;0,54;-0,3000000000000007;1,9;0,7799999999999994
./png_err/572.png;0,7399999999999998;-0,45999999999999996;2,18;0,46000000000000085
./png_err/573.png;0,7399999999999998;-0,7999999999999998;2,1;0,2599999999999998
./png_err/574.png;1,7200000000000002;-0,040000000000000036;3,0200000000000005;0,9199999999999999
./png_err/575.png;1,7200000000000002;-0,019999999999999574;3,04;0,8999999999999995
./png_err/576.png;1,1;-0,5599999999999996;2,4799999999999995;0,3800000000000008
./png_err/577.png;1,58;-0,41999999999999993;2,9400000000000004;0,5
./png_err/578.png;1,62;-0,5599999999999996;3,0200000000000005;0,620000000000001
./png_err/579.png;1,12;0,3000000000000007;2,5599999999999996;1,38
./png_err/580.png;1,6600000000000001;0,6599999999999993;3,0600000000000005;2,039999999999999
./png_err/581.png;0,8799999999999999;-0,6200000000000001;2,2800000000000002;0,620000000000001
./png_err/582.png;0,8799999999999999;-0,6799999999999997;2,3200000000000003;0,22000000000000064
./png_err/583.png;0,8599999999999999;-0,7000000000000002;2,3400000000000003;0,3000000000000007
./png_err/584.png;0,8799999999999999;-0,2400000000000002;2,16;0,6599999999999993
./png_err/585.png;0,8999999999999999;-0,2599999999999998;2,16;0,6799999999999997
./png_err/586.png;0,52;0,2400000000000002;1,98;1,6400000000000006
./png_err/587.png;0,7399999999999998;0,33999999999999986;2,16;1,6000000000000005
./png_err/588.png;0,5;0,5200000000000005;1,8199999999999998;1,9399999999999995
./png_err/589.png;0,5;0,5400000000000009;1,8199999999999998;1,9399999999999995
./png_err/590.png;0,5;0,5200000000000005;1,8199999999999998;1,9399999999999995
./png_err/591.png;0,3600000000000001;0,1200000000000001;1,7600000000000002;1,54
./png_err/592.png;0,32000000000000006;0,1200000000000001;1,7800000000000002;1,5600000000000005
./png_err/593.png;0,32000000000000006;0,1200000000000001;1,7800000000000002;1,5200000000000005
./png_err/594.png;0,7000000000000002;0,4800000000000004;2,16;1,8400000000000007
./png_err/595.png;0,7000000000000002;0,4800000000000004;2,12;1,8200000000000003
./png_err/596.png;0,45999999999999996;1,1399999999999997;1,7000000000000002;2,4000000000000004
./png_err/597.png;0,48;1,1399999999999997;1,7200000000000002;2,4000000000000004
./png_err/598.png;1,1;0,620000000000001;2,2600000000000002;1,8400000000000007
./png_err/599.png;1,12;0,620000000000001;2,2800000000000002;1,8200000000000003
./png_err/600.png;1,1400000000000001;0,6000000000000005;2,2800000000000002;1,8200000000000003
./png_err/601.png;1,12;0,6000000000000005;2,2800000000000002;1,8200000000000003
./png_err/602.png;1,12;0,620000000000001;2,2600000000000002;1,8400000000000007
./png_err/603.png;1,12;0,6000000000000005;2,2800000000000002;1,8600000000000003
./png_err/604.png;1,12;0,620000000000001;2,3000000000000003;1,8400000000000007
./png_err/605.png;1,1400000000000001;0,620000000000001;2,3200000000000003;1,8400000000000007
./png_err/606.png;1,12;0,6000000000000005;2,2600000000000002;1,8200000000000003
./png_err/607.png;0,17999999999999994;-2,14;1,58;-0,7000000000000002
./png_err/608.png;0,21999999999999997;-2,12;1,56;-0,7000000000000002
./png_err/609.png;0,19999999999999996;-2,12;1,56;-0,7199999999999998
./png_err/610.png;0,19999999999999996;-2,14;1,54;-0,7000000000000002
./png_err/611.png;0,17999999999999994;-2,12;1,58;-0,7000000000000002
./png_err/612.png;0,17999999999999994;-2,12;1,56;-0,7000000000000002
./png_err/613.png;-0,1200000000000001;-2,46;1,04;-1,0199999999999996
./png_err/614.png;-0,14000000000000012;-2,46;1,08;-1,0
./png_err/615.png;-0,14000000000000012;-2,46;1,04;-1,0199999999999996
./png_err/616.png;-0,040000000000000036;-1,8599999999999999;1,3000000000000003;-0,41999999999999993
./png_err/617.png;-0,10000000000000009;-1,88;1,3000000000000003;-0,41999999999999993
./png_err/618.png;-0,10000000000000009;-1,8599999999999999;1,2800000000000002;-0,41999999999999993
./png_err/619.png;-0,020000000000000018;-1,8599999999999999;1,3000000000000003;-0,39999999999999947
./png_err/620.png;0,3800000000000001;-1,46;1,6800000000000002;-0,22000000000000064
./png_err/621.png;0,8199999999999998;-1,5999999999999996;2,2;-0,5599999999999996
./png_err/622.png;0,8199999999999998;-1,6199999999999997;2,24;-0,5599999999999996
./png_err/623.png;1,2400000000000002;-2,16;2,6399999999999997;-0,7599999999999998
./png_err/624.png;1,46;-2,46;2,9400000000000004;-1,0999999999999996
./png_err/625.png;1,6600000000000001;-2,36;3,0600000000000005;-1,0199999999999996
./png_err/626.png;1,48;-1,1600000000000001;2,84;-0,09999999999999964
./png_err/627.png;1,54;-1,08;2,96;0,17999999999999972
./png_err/628.png;1,54;-0,8399999999999999;3,0;0,17999999999999972
./png_err/629.png;1,54;-1,08;2,9800000000000004;0,20000000000000018
./png_err/630.png;1,1600000000000001;-0,8399999999999999;2,4399999999999995;0,4800000000000004
./png_err/631.png;0,30000000000000004;-1,1600000000000001;1,7800000000000002;0,17999999999999972
./png_err/632.png;0,3600000000000001;-1,0999999999999996;1,7600000000000002;0,3800000000000008
./png_err/633.png;0,3400000000000001;-1,08;1,7200000000000002;0,3800000000000008
./png_err/634.png;0,30000000000000004;-0,5599999999999996;1,7600000000000002;0,3800000000000008
./png_err/635.png;0,3400000000000001;-1,08;1,7600000000000002;0,3800000000000008
./png_err/636.png;0,3400000000000001;-1,08;1,7400000000000002;0,40000000000000036
./png_err/637.png;0,6600000000000001;-1,6799999999999997;1,96;-0,6399999999999997
./png_err/638.png;0,6600000000000001;-1,38;1,94;-0,6600000000000001
./png_err/639.png;0,8199999999999998;-1,5;2,2;-0,2599999999999998
./png_err/640.png;0,8399999999999999;0,6399999999999997;2,1;1,8200000000000003
./png_err/641.png;1,7200000000000002;-1,0199999999999996;3,08;0,0600000000000005
./png_err/642.png;1,7200000000000002;-1,0199999999999996;3,0600000000000005;0,040000000000000036
./png_err/643.png;1,2200000000000002;-0,8200000000000003;2,58;0,2400000000000002
./png_err/644.png;1,2800000000000002;-0,8200000000000003;2,7199999999999998;0,46000000000000085
./png_err/645.png;1,2200000000000002;-0,35999999999999943;2,7199999999999998;0,4800000000000004
./png_err/646.png;1,2800000000000002;-0,8399999999999999;2,7;0,3800000000000008
./png_err/647.png;1,2800000000000002;-0,8200000000000003;2,7199999999999998;0,46000000000000085
./png_err/648.png;1,2400000000000002;-0,33999999999999986;2,7;0,46000000000000085
./png_err/649.png;0,96;-0,4399999999999995;2,2600000000000002;0,4800000000000004
./png_err/650.png;0,8599999999999999;-0,6799999999999997;2,3000000000000003;0,5800000000000001
./png_err/651.png;0,8399999999999999;-1,5;2,2;-0,2599999999999998
./png_err/652.png;1,2400000000000002;-0,7800000000000002;2,66;0,5600000000000005
./png_err/653.png;1,2600000000000002;-0,5;2,7;0,6399999999999997
./png_err/654.png;1,2800000000000002;-0,5199999999999996;2,66;0,6599999999999993
./png_err/655.png;1,2800000000000002;-0,5199999999999996;2,66;0,6399999999999997
./png_err/656.png;1,2800000000000002;-0,5199999999999996;2,6399999999999997;0,3800000000000008
./png_err/657.png;1,1600000000000001;-0,3000000000000007;2,54;0,9199999999999999
./png_err/658.png;1,1600000000000001;-0,3000000000000007;2,5199999999999996;0,8999999999999995
./png_err/659.png;2,12;-0,39999999999999947;3,38;0,46000000000000085
./png_err/660.png;2,12;-0,39999999999999947;3,38;0,4800000000000004
./png_err/661.png;2,0;-0,4399999999999995;3,3;0,8199999999999994
./png_err/662.png;2,22;-0,6200000000000001;3,66;0,5
./png_err/663.png;1,8199999999999998;-0,2599999999999998;3,3;1,04
./png_err/664.png;1,8399999999999999;-0,2599999999999998;3,2800000000000002;1,04
./png_err/665.png;1,8599999999999999;-0,2599999999999998;3,3;0,5800000000000001
./png_err/666.png;2,02;0,0600000000000005;3,3200000000000003;1,0599999999999996
./png_err/667.png;1,96;0,16000000000000014;3,3;1,2800000000000002
./png_err/668.png;1,1;0,20000000000000018;2,5199999999999996;1,42
./png_err/669.png;1,1;0,17999999999999972;2,54;1,4000000000000004
./png_err/670.png;1,1;0,16000000000000014;2,54;1,42
./png_err/671.png;1,48;0,3000000000000007;2,88;1,5
./png_err/672.png;1,48;0,3000000000000007;2,88;1,5
./png_err/673.png;1,52;0,41999999999999993;2,88;1,5200000000000005
./png_err/674.png;1,5;0,4400000000000004;2,7800000000000002;1,54
./png_err/675.png;1,56;0,6599999999999993;2,8200000000000003;1,58
./png_err/676.png;1,56;0,6399999999999997;2,8200000000000003;1,58
./png_err/677.png;0,8399999999999999;0,6399999999999997;2,24;1,8000000000000007
./png_err/678.png;0,8199999999999998;0,6399999999999997;2,24;1,8200000000000003
./png_err/679.png;0,8399999999999999;0,6399999999999997;2,2600000000000002;1,8000000000000007
./png_err/680.png;1,2600000000000002;-0,5;2,6799999999999997;0,620000000000001
